<component name="libraryTable">
  <library name="Maven: org.springframework.retry:spring-retry:1.2.0.RELEASE">
    <CLASSES>
      <root url="jar://$MAVEN_REPOSITORY$/org/springframework/retry/spring-retry/1.2.0.RELEASE/spring-retry-1.2.0.RELEASE.jar!/" />
    </CLASSES>
    <JAVADOC>
      <root url="jar://$MAVEN_REPOSITORY$/org/springframework/retry/spring-retry/1.2.0.RELEASE/spring-retry-1.2.0.RELEASE-javadoc.jar!/" />
    </JAVADOC>
    <SOURCES>
      <root url="jar://$MAVEN_REPOSITORY$/org/springframework/retry/spring-retry/1.2.0.RELEASE/spring-retry-1.2.0.RELEASE-sources.jar!/" />
    </SOURCES>
  </library>
</component>