<component name="libraryTable">
  <library name="Maven: org.apache.tomcat.embed:tomcat-embed-el:8.5.14">
    <CLASSES>
      <root url="jar://$MAVEN_REPOSITORY$/org/apache/tomcat/embed/tomcat-embed-el/8.5.14/tomcat-embed-el-8.5.14.jar!/" />
    </CLASSES>
    <JAVADOC>
      <root url="jar://$MAVEN_REPOSITORY$/org/apache/tomcat/embed/tomcat-embed-el/8.5.14/tomcat-embed-el-8.5.14-javadoc.jar!/" />
    </JAVADOC>
    <SOURCES>
      <root url="jar://$MAVEN_REPOSITORY$/org/apache/tomcat/embed/tomcat-embed-el/8.5.14/tomcat-embed-el-8.5.14-sources.jar!/" />
    </SOURCES>
  </library>
</component>