<component name="libraryTable">
  <library name="Maven: org.jboss:jandex:2.0.0.Final">
    <CLASSES>
      <root url="jar://$MAVEN_REPOSITORY$/org/jboss/jandex/2.0.0.Final/jandex-2.0.0.Final.jar!/" />
    </CLASSES>
    <JAVADOC>
      <root url="jar://$MAVEN_REPOSITORY$/org/jboss/jandex/2.0.0.Final/jandex-2.0.0.Final-javadoc.jar!/" />
    </JAVADOC>
    <SOURCES>
      <root url="jar://$MAVEN_REPOSITORY$/org/jboss/jandex/2.0.0.Final/jandex-2.0.0.Final-sources.jar!/" />
    </SOURCES>
  </library>
</component>