<component name="libraryTable">
  <library name="Maven: org.xerial.snappy:snappy-java:1.1.2.6">
    <CLASSES>
      <root url="jar://$MAVEN_REPOSITORY$/org/xerial/snappy/snappy-java/1.1.2.6/snappy-java-1.1.2.6.jar!/" />
    </CLASSES>
    <JAVADOC>
      <root url="jar://$MAVEN_REPOSITORY$/org/xerial/snappy/snappy-java/1.1.2.6/snappy-java-1.1.2.6-javadoc.jar!/" />
    </JAVADOC>
    <SOURCES>
      <root url="jar://$MAVEN_REPOSITORY$/org/xerial/snappy/snappy-java/1.1.2.6/snappy-java-1.1.2.6-sources.jar!/" />
    </SOURCES>
  </library>
</component>