<component name="libraryTable">
  <library name="Maven: com.fasterxml.jackson.core:jackson-databind:2.8.8">
    <CLASSES>
      <root url="jar://$MAVEN_REPOSITORY$/com/fasterxml/jackson/core/jackson-databind/2.8.8/jackson-databind-2.8.8.jar!/" />
    </CLASSES>
    <JAVADOC>
      <root url="jar://$MAVEN_REPOSITORY$/com/fasterxml/jackson/core/jackson-databind/2.8.8/jackson-databind-2.8.8-javadoc.jar!/" />
    </JAVADOC>
    <SOURCES>
      <root url="jar://$MAVEN_REPOSITORY$/com/fasterxml/jackson/core/jackson-databind/2.8.8/jackson-databind-2.8.8-sources.jar!/" />
    </SOURCES>
  </library>
</component>