<component name="libraryTable">
  <library name="Maven: org.projectlombok:lombok:1.16.16">
    <CLASSES>
      <root url="jar://$MAVEN_REPOSITORY$/org/projectlombok/lombok/1.16.16/lombok-1.16.16.jar!/" />
    </CLASSES>
    <JAVADOC>
      <root url="jar://$MAVEN_REPOSITORY$/org/projectlombok/lombok/1.16.16/lombok-1.16.16-javadoc.jar!/" />
    </JAVADOC>
    <SOURCES>
      <root url="jar://$MAVEN_REPOSITORY$/org/projectlombok/lombok/1.16.16/lombok-1.16.16-sources.jar!/" />
    </SOURCES>
  </library>
</component>