<component name="libraryTable">
  <library name="Maven: com.alibaba:fastjson:1.2.31">
    <CLASSES>
      <root url="jar://$MAVEN_REPOSITORY$/com/alibaba/fastjson/1.2.31/fastjson-1.2.31.jar!/" />
    </CLASSES>
    <JAVADOC>
      <root url="jar://$MAVEN_REPOSITORY$/com/alibaba/fastjson/1.2.31/fastjson-1.2.31-javadoc.jar!/" />
    </JAVADOC>
    <SOURCES>
      <root url="jar://$MAVEN_REPOSITORY$/com/alibaba/fastjson/1.2.31/fastjson-1.2.31-sources.jar!/" />
    </SOURCES>
  </library>
</component>