<component name="libraryTable">
  <library name="Maven: commons-lang:commons-lang:2.2">
    <CLASSES>
      <root url="jar://$MAVEN_REPOSITORY$/commons-lang/commons-lang/2.2/commons-lang-2.2.jar!/" />
    </CLASSES>
    <JAVADOC>
      <root url="jar://$MAVEN_REPOSITORY$/commons-lang/commons-lang/2.2/commons-lang-2.2-javadoc.jar!/" />
    </JAVADOC>
    <SOURCES>
      <root url="jar://$MAVEN_REPOSITORY$/commons-lang/commons-lang/2.2/commons-lang-2.2-sources.jar!/" />
    </SOURCES>
  </library>
</component>