<component name="libraryTable">
  <library name="Maven: org.apache.kafka:kafka-clients:0.10.0.1">
    <CLASSES>
      <root url="jar://$MAVEN_REPOSITORY$/org/apache/kafka/kafka-clients/0.10.0.1/kafka-clients-0.10.0.1.jar!/" />
    </CLASSES>
    <JAVADOC>
      <root url="jar://$MAVEN_REPOSITORY$/org/apache/kafka/kafka-clients/0.10.0.1/kafka-clients-0.10.0.1-javadoc.jar!/" />
    </JAVADOC>
    <SOURCES>
      <root url="jar://$MAVEN_REPOSITORY$/org/apache/kafka/kafka-clients/0.10.0.1/kafka-clients-0.10.0.1-sources.jar!/" />
    </SOURCES>
  </library>
</component>