<component name="libraryTable">
  <library name="Maven: com.google.protobuf:protobuf-java:2.6.0">
    <CLASSES>
      <root url="jar://$MAVEN_REPOSITORY$/com/google/protobuf/protobuf-java/2.6.0/protobuf-java-2.6.0.jar!/" />
    </CLASSES>
    <JAVADOC>
      <root url="jar://$MAVEN_REPOSITORY$/com/google/protobuf/protobuf-java/2.6.0/protobuf-java-2.6.0-javadoc.jar!/" />
    </JAVADOC>
    <SOURCES>
      <root url="jar://$MAVEN_REPOSITORY$/com/google/protobuf/protobuf-java/2.6.0/protobuf-java-2.6.0-sources.jar!/" />
    </SOURCES>
  </library>
</component>